{
    "type": "Filesystem",
    "managed": true,
    "formatType": "csv",
    "checklists": {
        "checklists": []
    },
    "checks": [],
    "customMeta": {
        "kv": {}
    },
    "flowOptions": {
        "virtualizable": false,
        "rebuildBehavior": "NORMAL",
        "crossProjectBuildBehavior": "DEFAULT"
    },
    "readWriteOptions": {
        "preserveOrder": false,
        "writeBuckets": 1,
        "forceSingleOutputFile": false,
        "defaultReadOrdering": {
            "enabled": false,
            "rules": []
        }
    },
    "formatParams": {
        "style": "unix",
        "charset": "utf8",
        "separator": "\t",
        "quoteChar": "\"",
        "escapeChar": "\\",
        "dateSerializationFormat": "ISO",
        "arrayMapFormat": "json",
        "hiveSeparators": [
            "\u0002",
            "\u0003",
            "\u0004",
            "\u0005",
            "\u0006",
            "\u0007",
            "\b"
        ],
        "skipRowsBeforeHeader": 0,
        "parseHeaderRow": false,
        "skipRowsAfterHeader": 0,
        "probableNumberOfRecords": 0,
        "normalizeBooleans": false,
        "normalizeDoubles": true,
        "readAdditionalColumnsBehavior": "INSERT_IN_DATA_WARNING",
        "readMissingColumnsBehavior": "DISCARD_SILENT",
        "readDataTypeMismatchBehavior": "DISCARD_WARNING",
        "writeDataTypeMismatchBehavior": "DISCARD_WARNING",
        "fileReadFailureBehavior": "FAIL",
        "compress": "gz"
    },
    "partitioning": {
        "ignoreNonMatchingFile": false,
        "considerMissingRequestedPartitionsAsEmpty": false,
        "dimensions": []
    },
    "versionTag": {
        "versionNumber": 4,
        "lastModifiedBy": {
            "login": "dku_academy"
        },
        "lastModifiedOn": 1556156142210
    },
    "creationTag": {
        "versionNumber": 0,
        "lastModifiedBy": {
            "login": "dku"
        },
        "lastModifiedOn": 1556041722105
    },
    "tags": [],
    "params": {
        "connection": "filesystem_managed",
        "path": "/DKU_AIRPORT_TRAFFIC.departures_by_carriergroup",
        "notReadyIfEmpty": false,
        "filesSelectionRules": {
            "mode": "ALL",
            "excludeRules": [],
            "includeRules": [],
            "explicitFiles": []
        }
    },
    "schema": {
        "columns": [
            {
                "name": "Year",
                "type": "bigint"
            },
            {
                "name": "Month",
                "type": "bigint"
            },
            {
                "name": "0_Scheduled_sum",
                "type": "bigint"
            },
            {
                "name": "0_Charter_sum",
                "type": "bigint"
            },
            {
                "name": "0_Total_sum",
                "type": "bigint"
            },
            {
                "name": "1_Scheduled_sum",
                "type": "bigint"
            },
            {
                "name": "1_Charter_sum",
                "type": "bigint"
            },
            {
                "name": "1_Total_sum",
                "type": "bigint"
            }
        ],
        "userModified": true,
        "metadata": {
            "engineType": "DSS",
            "pivotElementsModalities": [
                {
                    "pivotElement": {
                        "keyColumns": [
                            "carriergroup"
                        ],
                        "valueLimit": "TOP_N",
                        "topnLimit": 20,
                        "minOccLimit": 0,
                        "explicitValues": [],
                        "globalCount": false,
                        "valueColumns": [
                            {
                                "column": "Scheduled",
                                "type": "bigint",
                                "min": false,
                                "max": false,
                                "count": false,
                                "countDistinct": false,
                                "sum": true,
                                "concat": false,
                                "stddev": false,
                                "avg": false,
                                "sum2": false,
                                "first": false,
                                "last": false,
                                "concatDistinct": false,
                                "firstLastNotNull": false
                            },
                            {
                                "column": "Charter",
                                "type": "bigint",
                                "min": false,
                                "max": false,
                                "count": false,
                                "countDistinct": false,
                                "sum": true,
                                "concat": false,
                                "stddev": false,
                                "avg": false,
                                "sum2": false,
                                "first": false,
                                "last": false,
                                "concatDistinct": false,
                                "firstLastNotNull": false
                            },
                            {
                                "column": "Total",
                                "type": "bigint",
                                "min": false,
                                "max": false,
                                "count": false,
                                "countDistinct": false,
                                "sum": true,
                                "concat": false,
                                "stddev": false,
                                "avg": false,
                                "sum2": false,
                                "first": false,
                                "last": false,
                                "concatDistinct": false,
                                "firstLastNotNull": false
                            }
                        ]
                    },
                    "pivotedModalities": [
                        {
                            "keyValues": [
                                "0"
                            ],
                            "name": "0",
                            "valueColumns": [
                                {
                                    "source": "Scheduled",
                                    "pivoted": "0_Scheduled"
                                },
                                {
                                    "source": "Total",
                                    "pivoted": "0_Total"
                                },
                                {
                                    "source": "Charter",
                                    "pivoted": "0_Charter"
                                }
                            ]
                        },
                        {
                            "keyValues": [
                                "1"
                            ],
                            "name": "1",
                            "valueColumns": [
                                {
                                    "source": "Scheduled",
                                    "pivoted": "1_Scheduled"
                                },
                                {
                                    "source": "Total",
                                    "pivoted": "1_Total"
                                },
                                {
                                    "source": "Charter",
                                    "pivoted": "1_Charter"
                                }
                            ]
                        }
                    ]
                }
            ]
        }
    },
    "metrics": {
        "probes": [
            {
                "type": "basic",
                "enabled": true,
                "computeOnBuildMode": "PARTITION",
                "meta": {
                    "name": "Basic data",
                    "level": 0
                },
                "configuration": {}
            },
            {
                "type": "records",
                "enabled": true,
                "computeOnBuildMode": "NO",
                "meta": {
                    "name": "Record count",
                    "level": 0
                },
                "configuration": {}
            }
        ],
        "engineConfig": {
            "padRunsWithMetrics": false,
            "hive": {
                "active": true,
                "extraConf": []
            },
            "basic": {},
            "dss": {
                "active": true,
                "selection": {
                    "useMemTable": false,
                    "filter": {
                        "distinct": false,
                        "enabled": false
                    },
                    "partitionSelectionMethod": "ALL",
                    "latestPartitionsN": 1,
                    "ordering": {
                        "enabled": false,
                        "rules": []
                    },
                    "samplingMethod": "FULL",
                    "maxRecords": -1,
                    "targetRatio": 0.02,
                    "withinFirstN": -1,
                    "maxReadUncompressedBytes": -1
                }
            },
            "sql": {
                "active": true
            },
            "impala": {
                "active": true
            },
            "spark": {
                "active": true,
                "extraConf": []
            },
            "python": {}
        },
        "displayedState": {
            "columns": [],
            "metrics": [
                "basic:COUNT_COLUMNS",
                "basic:COUNT_FILES",
                "basic:SIZE",
                "records:COUNT_RECORDS"
            ]
        }
    },
    "metricsChecks": {
        "checks": [],
        "displayedState": {
            "checks": []
        },
        "monitor": false
    },
    "customFields": {
        "gdpr_contains_personal_data": "UNSURE"
    }
}