{
  "checklists": {
    "checklists": []
  },
  "creationTag": {
    "lastModifiedBy": {
      "login": "dku"
    },
    "lastModifiedOn": 1555945360050,
    "versionNumber": 0
  },
  "customFields": {},
  "listed": true,
  "name": "International Flight Reporting's default dashboard",
  "owner": "dku",
  "pages": [
    {
      "enableCrossFilters": true,
      "filtersParams": {
        "panelPosition": "TOP"
      },
      "grid": {
        "tiles": [
          {
            "autoLoad": true,
            "box": {
              "height": 5,
              "left": 0,
              "top": 0,
              "width": 6
            },
            "clickAction": "OPEN_INSIGHT",
            "displayMode": "INSIGHT",
            "insightId": "bCACbQr",
            "insightType": "chart",
            "resizeImageMode": "FIT_SIZE",
            "showTitle": "YES",
            "tileParams": {
              "autoPlayAnimation": true,
              "showLegend": false,
              "showTooltips": true,
              "showXAxis": true,
              "showYAxis": true
            },
            "tileType": "INSIGHT"
          },
          {
            "autoLoad": true,
            "box": {
              "height": 5,
              "left": 6,
              "top": 0,
              "width": 6
            },
            "clickAction": "OPEN_INSIGHT",
            "displayMode": "INSIGHT",
            "insightId": "3AD4bvT",
            "insightType": "chart",
            "resizeImageMode": "FIT_SIZE",
            "showTitle": "YES",
            "tileParams": {
              "autoPlayAnimation": true,
              "showLegend": false,
              "showTooltips": true,
              "showXAxis": true,
              "showYAxis": true
            },
            "tileType": "INSIGHT"
          }
        ]
      },
      "id": "2tNbUzY",
      "showTitle": false
    }
  ],
  "showGrid": true,
  "tags": [],
  "versionTag": {
    "lastModifiedBy": {
      "login": "admin"
    },
    "lastModifiedOn": 1662666169995,
    "versionNumber": 8
  }
}