{
  "type": "shaker",
  "neverRecomputeExistingPartitions": false,
  "optionalDependencies": false,
  "params": {
    "engineParams": {
      "spark": {
        "pipelineAllowStart": true,
        "pipelineAllowMerge": true,
        "sparkConfig": {
          "inheritConf": "default",
          "conf": []
        },
        "executionEngine": "SPARK_SUBMIT",
        "readParams": {
          "map": {
            "departures_by_month_windows": {
              "repartition": 10,
              "cache": false
            }
          }
        },
        "useGlobalMetastore": false,
        "useNativeProcessors": true
      },
      "hive": {
        "inheritConf": "default",
        "hiveconf": [],
        "executionEngine": "HIVECLI_LOCAL",
        "addDkuUdf": false,
        "skipPrerunValidate": false
      },
      "impala": {
        "forceStreamMode": true
      },
      "hadoopConfigKeys": [],
      "maxThreads": 8
    }
  },
  "customMeta": {
    "kv": {}
  },
  "redispatchPartitioning": false,
  "maxRunningActivities": 0,
  "inputs": {
    "main": {
      "items": [
        {
          "ref": "departures_by_month_windows",
          "deps": []
        }
      ]
    }
  },
  "outputs": {
    "main": {
      "items": [
        {
          "ref": "departures_by_month_windows_prepared",
          "appendMode": false
        }
      ]
    }
  },
  "versionTag": {
    "versionNumber": 4,
    "lastModifiedBy": {
      "login": "dku_academy"
    },
    "lastModifiedOn": 1556156581580
  },
  "creationTag": {
    "versionNumber": 0,
    "lastModifiedBy": {
      "login": "dku"
    },
    "lastModifiedOn": 1556047275880
  },
  "tags": [],
  "customFields": {},
  "checklists": {
    "checklists": []
  }
}